Farm_ID,Region,Crop,Farm_Area_Acres,Rainfall_mm,Fertilizer_kg,Labor_Days,Irrigation,Production_kg
1,Sarpang,Rice,4.35,1212.5,291.6,29,Yes,5626.2
2,Mongar,Potato,2.25,1351.4,344.1,87,No,3857.7
3,Wangdue,Rice,4.86,600.0,44.6,11,Yes,4954.7
4,Mongar,Vegetables,6.97,1527.7,405.9,82,Yes,9972.7
5,Mongar,Maize,7.1,684.8,391.3,46,No,5914.8
6,Punakha,Maize,2.28,1399.2,222.1,29,Yes,2593.3
7,Wangdue,Maize,7.31,1321.7,194.3,35,Yes,6596.8
8,Wangdue,Potato,4.94,600.0,144.6,38,No,6198.5
9,Wangdue,Vegetables,3.13,600.0,230.2,10,No,4773.1
10,Mongar,Rice,5.81,1508.1,48.6,44,Yes,5468.3
11,Sarpang,Chilli,4.11,1453.7,387.9,79,No,3570.1
12,Wangdue,Rice,3.33,929.8,44.9,110,No,4025.9
13,Trashigang,Chilli,5.79,929.5,168.2,68,Yes,3369.1
14,Mongar,Rice,2.37,1278.2,421.3,78,No,4163.9
15,Punakha,Vegetables,2.98,1146.8,338.8,42,Yes,5615.1
16,Sarpang,Chilli,3.76,1413.6,148.2,60,Yes,4098.5
17,Trashigang,Potato,2.4,1269.9,136.1,87,Yes,3831.8
18,Trashigang,Rice,3.54,1545.8,32.1,21,Yes,3935.5
19,Punakha,Rice,4.79,1392.5,322.2,115,No,5845.6
20,Sarpang,Chilli,6.06,1330.2,50.5,29,Yes,4022.7
21,Mongar,Potato,6.25,1062.0,253.7,62,No,8157.1
22,Paro,Potato,6.67,1043.7,434.1,97,No,8946.6
23,Sarpang,Vegetables,6.08,1137.1,76.0,52,Yes,7836.5
24,Punakha,Potato,5.61,1610.2,405.7,107,No,8126.6
25,Trashigang,Potato,2.28,1048.4,446.4,98,Yes,3778.6
26,Mongar,Potato,3.5,1215.1,55.8,59,Yes,4624.9
27,Sarpang,Maize,4.08,600.0,400.8,38,No,4797.2
28,Paro,Vegetables,1.12,1319.0,246.8,66,Yes,2093.3
29,Paro,Rice,4.46,1714.3,410.7,48,Yes,5262.3
30,Wangdue,Chilli,3.77,916.6,270.0,104,Yes,3499.9
31,Wangdue,Rice,6.52,1800.0,308.1,65,Yes,7342.1
32,Punakha,Vegetables,7.83,1195.6,258.4,52,Yes,9914.5
33,Sarpang,Chilli,4.67,600.0,393.1,59,Yes,3487.8
34,Sarpang,Vegetables,2.92,1053.6,338.2,32,No,3922.8
35,Trashigang,Potato,0.83,1482.6,248.9,53,Yes,2700.3
36,Trashigang,Chilli,7.43,1649.8,394.6,47,Yes,5079.9
37,Trashigang,Potato,7.39,1329.5,133.0,93,Yes,9862.3
38,Wangdue,Rice,2.4,1541.9,96.1,32,Yes,3069.4
39,Sarpang,Rice,5.72,855.6,97.4,54,No,5353.3
40,Sarpang,Chilli,1.07,979.9,170.3,61,No,1160.3
41,Paro,Chilli,1.75,730.1,130.2,89,No,1444.2
42,Wangdue,Vegetables,2.13,998.7,420.6,59,Yes,4146.0
43,Mongar,Vegetables,2.71,1340.5,74.5,115,Yes,5384.3
44,Wangdue,Potato,7.97,1203.2,323.6,17,Yes,9679.4
45,Mongar,Chilli,5.73,1367.0,109.5,94,No,3405.6
46,Paro,Rice,3.38,915.9,400.3,10,Yes,4342.2
47,Punakha,Vegetables,6.03,931.1,433.8,17,Yes,8948.2
48,Sarpang,Vegetables,7.36,1201.2,225.5,38,No,8716.6
49,Paro,Rice,7.69,999.3,399.2,105,Yes,8484.4
50,Sarpang,Vegetables,0.93,1475.5,32.2,111,Yes,1772.0
51,Trashigang,Potato,3.46,993.1,374.4,14,Yes,5339.2
52,Punakha,Chilli,1.3,1026.2,126.0,95,No,1204.3
53,Punakha,Rice,3.02,1254.7,411.7,56,Yes,3217.6
54,Paro,Chilli,1.77,1052.7,30.5,43,No,1453.1
55,Punakha,Vegetables,5.35,841.3,263.6,74,No,7313.9
56,Mongar,Vegetables,3.41,875.2,347.8,64,Yes,5128.3
57,Punakha,Rice,2.22,1284.4,138.6,99,No,2522.8
58,Sarpang,Potato,2.49,810.3,111.1,52,Yes,2958.5
59,Sarpang,Maize,3.2,1499.3,65.3,83,Yes,3727.4
60,Sarpang,Rice,2.45,977.4,167.1,39,No,3208.5
61,Sarpang,Maize,3.9,1304.1,265.1,91,No,3604.4
62,Mongar,Maize,0.74,992.4,78.7,26,No,790.9
63,Wangdue,Potato,2.6,921.2,188.2,35,Yes,3783.4
64,Trashigang,Maize,3.58,1211.5,33.8,17,Yes,4336.7
65,Paro,Maize,5.02,1412.9,373.8,56,Yes,5515.8
66,Sarpang,Potato,2.53,1088.2,83.9,113,Yes,3359.2
67,Punakha,Maize,1.5,1133.6,149.0,85,Yes,2386.7
68,Sarpang,Maize,1.07,1351.9,37.7,100,Yes,1174.5
69,Punakha,Maize,7.55,1360.1,211.5,81,Yes,7126.3
70,Trashigang,Rice,3.62,1140.4,382.9,98,Yes,5552.5
71,Trashigang,Rice,4.86,1039.1,194.7,55,Yes,6040.0
72,Trashigang,Rice,7.39,1170.7,105.4,77,Yes,7667.8
73,Punakha,Potato,1.12,1102.3,346.6,42,No,2091.6
74,Sarpang,Vegetables,7.07,1228.2,361.3,10,Yes,8959.3
75,Trashigang,Maize,4.64,851.4,103.0,28,No,3245.8
76,Mongar,Maize,1.74,1219.3,353.8,40,No,1197.5
77,Punakha,Potato,3.58,970.4,427.9,89,Yes,5867.0
78,Punakha,Maize,6.33,1376.5,99.9,23,No,5160.1
79,Sarpang,Rice,4.1,981.9,353.8,62,Yes,5404.0
80,Punakha,Vegetables,7.89,986.2,327.6,57,Yes,11134.7
81,Punakha,Chilli,3.33,1261.3,228.9,78,Yes,2954.6
82,Trashigang,Maize,6.12,1153.6,54.3,114,Yes,5537.2
83,Sarpang,Rice,3.45,1719.2,61.4,99,Yes,3885.4
84,Trashigang,Chilli,6.72,742.7,388.0,71,Yes,4538.1
85,Trashigang,Vegetables,4.77,1177.5,445.9,101,No,7379.7
86,Sarpang,Chilli,0.98,1432.4,313.9,75,No,1653.4
87,Paro,Rice,0.78,1005.4,217.3,73,Yes,1767.9
88,Trashigang,Chilli,1.5,922.4,302.0,79,No,1825.0
89,Mongar,Potato,0.6,932.3,279.6,72,Yes,2400.5
90,Mongar,Chilli,1.07,747.0,191.1,82,Yes,1341.7
91,Punakha,Maize,5.69,1487.4,57.6,42,No,4705.7
92,Mongar,Maize,4.51,1067.6,375.0,50,Yes,4910.8
93,Punakha,Potato,6.12,1038.0,186.2,98,Yes,8287.7
94,Paro,Rice,7.35,619.0,373.9,57,Yes,7588.1
95,Sarpang,Maize,4.89,791.6,136.1,22,Yes,4073.3
96,Sarpang,Vegetables,5.95,1516.3,30.4,82,No,7301.6
97,Sarpang,Maize,6.18,1225.8,96.8,86,Yes,6016.3
98,Mongar,Maize,3.33,1441.6,226.8,40,No,4300.3
99,Paro,Rice,2.31,1410.0,426.6,114,Yes,3305.3
100,Mongar,Chilli,2.04,899.8,72.9,84,Yes,1398.1
101,Mongar,Maize,2.39,1757.5,388.8,77,Yes,3476.6
102,Paro,Potato,2.56,1637.4,251.4,107,No,4053.4
103,Paro,Chilli,2.05,1009.1,376.9,111,Yes,3027.0
104,Paro,Vegetables,7.09,600.0,155.3,119,No,8583.4
105,Paro,Rice,6.18,1060.9,382.8,13,No,5921.0
106,Sarpang,Vegetables,0.85,1209.6,354.6,111,Yes,2753.0
107,Wangdue,Chilli,2.52,1008.1,126.6,28,No,1676.4
108,Wangdue,Chilli,0.67,1094.6,85.2,79,No,1428.3
109,Paro,Chilli,4.24,942.8,394.6,107,No,3626.3
110,Wangdue,Vegetables,4.07,1380.4,434.6,91,Yes,6794.5
111,Wangdue,Chilli,6.74,1165.9,43.1,22,Yes,3856.2
112,Paro,Vegetables,2.81,1387.9,337.1,114,Yes,6015.1
113,Wangdue,Chilli,6.62,1455.6,412.0,32,Yes,4384.2
114,Mongar,Potato,7.76,606.4,390.1,92,Yes,10105.7
115,Punakha,Chilli,1.16,957.4,435.1,118,No,1521.5
116,Punakha,Vegetables,6.44,994.0,349.2,84,Yes,8475.6
117,Paro,Maize,4.92,1792.8,215.8,10,Yes,4534.4
118,Sarpang,Chilli,4.1,1187.3,161.0,97,No,3592.0
119,Paro,Maize,3.65,1353.1,164.7,63,No,3645.5
120,Sarpang,Potato,6.39,679.8,334.3,80,Yes,7969.1
121,Punakha,Rice,5.3,1185.8,343.3,98,No,6019.2
122,Paro,Potato,6.54,1394.6,114.2,94,Yes,8146.5
123,Trashigang,Chilli,7.27,1365.5,394.6,24,Yes,4758.8
124,Mongar,Maize,5.13,1305.8,330.3,74,No,4353.1
125,Wangdue,Maize,7.85,1153.3,266.4,85,Yes,7748.4
126,Sarpang,Vegetables,5.06,1165.4,228.0,80,Yes,7233.7
127,Trashigang,Maize,5.27,726.7,258.2,24,Yes,5907.5
128,Wangdue,Vegetables,4.66,924.9,96.9,30,Yes,6604.9
129,Wangdue,Rice,1.18,1207.7,115.6,28,Yes,2191.3
130,Paro,Chilli,5.95,971.0,68.3,69,Yes,3485.8
131,Wangdue,Vegetables,4.61,1322.2,94.5,102,No,5641.5
132,Mongar,Rice,3.88,1266.7,220.6,98,No,4296.0
133,Trashigang,Maize,7.33,1491.8,252.7,42,Yes,6144.9
134,Wangdue,Maize,2.73,1389.6,37.5,58,Yes,3168.9
135,Paro,Rice,4.43,1206.8,364.7,105,Yes,6219.2
136,Mongar,Maize,5.73,1337.0,153.6,44,Yes,5126.7
137,Punakha,Rice,6.47,1401.3,413.0,53,No,7342.4
138,Trashigang,Vegetables,3.95,1023.1,436.4,111,Yes,6071.3
139,Wangdue,Vegetables,6.82,1067.7,107.9,99,Yes,8791.1
140,Paro,Rice,6.27,1125.8,224.1,20,No,5797.2
141,Punakha,Vegetables,1.0,1031.1,30.5,108,No,836.5
142,Punakha,Vegetables,0.84,1403.9,281.3,81,No,2160.3
143,Sarpang,Vegetables,5.16,993.2,285.1,119,Yes,7511.4
144,Mongar,Potato,3.11,1462.9,134.0,87,Yes,5005.5
145,Wangdue,Chilli,2.07,1058.3,264.5,83,Yes,2721.1
146,Paro,Maize,4.85,1268.1,124.7,75,Yes,4984.5
147,Sarpang,Potato,3.06,1191.6,97.5,55,No,3490.3
148,Mongar,Vegetables,4.53,906.0,303.6,18,No,6353.4
149,Sarpang,Rice,3.95,1145.0,166.9,12,No,4759.1
150,Trashigang,Vegetables,4.89,1233.4,277.9,94,No,6983.9
151,Mongar,Chilli,3.5,1133.9,212.0,35,Yes,3614.0
152,Mongar,Vegetables,5.73,814.3,443.4,81,No,8905.8
153,Wangdue,Rice,1.85,1575.4,92.8,57,Yes,2520.7
154,Mongar,Chilli,5.72,1171.9,225.1,75,Yes,3673.7
155,Sarpang,Vegetables,3.59,951.4,315.8,79,Yes,5246.5
156,Mongar,Chilli,7.06,1555.2,196.1,37,Yes,3849.5
157,Wangdue,Maize,4.36,1304.3,439.4,102,Yes,4815.6
158,Wangdue,Maize,7.8,850.0,333.2,35,No,7229.5
159,Trashigang,Vegetables,5.01,888.9,305.9,34,Yes,6054.4
160,Sarpang,Chilli,2.18,1094.4,348.0,21,Yes,1954.5
161,Punakha,Rice,6.66,1224.3,430.1,14,Yes,7198.1
162,Punakha,Vegetables,3.09,1305.7,411.3,107,No,4703.3
163,Mongar,Maize,3.11,1387.5,334.2,57,Yes,3562.8
164,Trashigang,Maize,0.74,1284.9,344.6,46,No,1521.4
165,Paro,Vegetables,4.62,1486.7,91.3,88,Yes,6322.1
166,Mongar,Chilli,4.51,1181.7,73.2,53,No,2395.6
167,Trashigang,Maize,3.17,960.1,269.8,109,Yes,3385.9
168,Sarpang,Chilli,7.21,1149.2,37.7,24,No,4233.4
169,Sarpang,Maize,1.47,1132.8,232.6,52,No,2485.3
170,Sarpang,Maize,2.98,600.0,118.3,57,Yes,2413.1
171,Sarpang,Potato,2.91,1009.7,175.3,96,Yes,3076.1
172,Sarpang,Maize,1.19,1228.6,355.8,79,Yes,2965.2
173,Trashigang,Rice,4.11,1043.9,425.3,55,Yes,4602.2
174,Trashigang,Vegetables,5.66,988.4,60.4,117,Yes,7621.6
175,Wangdue,Vegetables,4.34,1377.8,254.4,52,No,5335.7
176,Punakha,Chilli,1.68,920.9,400.7,118,Yes,3135.2
177,Sarpang,Maize,3.33,1327.9,64.7,30,Yes,4414.9
178,Paro,Rice,0.52,816.8,376.3,32,Yes,1952.3
179,Trashigang,Chilli,7.01,1800.0,180.3,116,Yes,4729.5
180,Paro,Potato,1.13,1096.1,165.3,89,No,1960.3
181,Paro,Chilli,4.98,1069.2,440.5,56,Yes,4384.4
182,Paro,Chilli,7.9,1435.8,114.4,24,No,4631.3
183,Wangdue,Maize,4.52,1045.3,321.1,34,No,4787.0
184,Trashigang,Potato,7.43,1513.7,375.0,45,No,8950.2
185,Paro,Chilli,2.27,1242.9,47.3,84,No,1881.1
186,Sarpang,Rice,6.2,1120.4,311.6,60,Yes,6471.5
187,Mongar,Rice,4.48,1093.7,429.7,24,No,4622.8
188,Paro,Vegetables,5.9,1451.9,82.2,77,Yes,7826.6
189,Wangdue,Potato,0.97,1207.6,406.4,30,Yes,2201.5
190,Trashigang,Potato,1.61,1258.1,279.8,22,No,3234.9
191,Wangdue,Vegetables,1.5,1285.3,289.0,95,No,2575.5
192,Paro,Chilli,5.65,1183.2,287.4,28,No,3817.1
193,Trashigang,Potato,6.83,1280.0,155.5,43,Yes,8076.4
194,Mongar,Rice,6.12,1120.4,422.8,87,Yes,7097.9
195,Paro,Rice,0.73,1137.5,427.9,77,No,1841.5
196,Wangdue,Maize,7.0,870.2,292.6,61,Yes,5836.0
197,Punakha,Potato,3.16,1224.4,359.0,119,No,5028.1
198,Sarpang,Chilli,3.48,720.1,287.1,36,No,2440.6
199,Wangdue,Vegetables,1.29,1220.9,233.4,38,Yes,2841.7
200,Trashigang,Vegetables,6.03,1079.8,307.5,37,Yes,8083.9
201,Paro,Chilli,1.87,1243.6,262.3,44,Yes,1596.6
202,Sarpang,Maize,4.73,887.8,280.9,17,Yes,5095.8
203,Paro,Vegetables,6.81,620.2,359.2,25,No,9166.3
204,Trashigang,Potato,1.17,1062.3,232.0,115,Yes,2409.0
205,Paro,Maize,4.52,888.5,47.1,45,No,3757.8
206,Punakha,Potato,2.25,704.9,98.9,39,Yes,3670.3
207,Sarpang,Rice,3.07,1342.0,214.2,27,No,3291.6
208,Sarpang,Maize,4.05,1550.3,334.4,11,Yes,4246.5
209,Trashigang,Vegetables,3.16,950.8,279.2,58,Yes,5061.7
210,Punakha,Maize,5.37,1131.1,303.1,86,Yes,5180.8
211,Wangdue,Maize,4.1,1073.1,231.3,13,No,4164.1
212,Paro,Maize,4.88,985.3,288.6,99,No,4628.0
213,Mongar,Maize,6.03,1315.9,168.2,98,No,4996.9
214,Paro,Potato,4.68,1402.5,227.5,103,Yes,6706.5
215,Paro,Rice,4.9,932.8,342.6,84,Yes,5190.0
216,Wangdue,Chilli,4.73,1161.2,396.2,16,Yes,4627.9
217,Paro,Maize,3.34,1471.1,212.1,104,Yes,4571.7
218,Punakha,Vegetables,3.03,1322.3,48.3,117,Yes,4795.8
219,Punakha,Maize,7.25,1359.4,97.9,83,No,6235.6
220,Sarpang,Vegetables,5.06,1492.0,38.8,48,No,6580.8
221,Trashigang,Potato,2.33,1488.7,304.4,22,No,3363.4
222,Mongar,Vegetables,4.24,1407.2,169.6,40,No,5844.1
223,Paro,Chilli,2.98,1186.2,257.8,80,Yes,2381.5
224,Paro,Rice,7.5,1054.4,237.2,72,Yes,7903.2
225,Wangdue,Vegetables,0.56,1175.9,64.2,65,Yes,1963.3
226,Trashigang,Vegetables,2.19,1016.4,199.4,51,No,3188.7
227,Punakha,Rice,3.24,661.9,122.6,70,Yes,3431.4
228,Mongar,Chilli,4.16,1080.1,205.7,51,Yes,2574.8
229,Sarpang,Maize,6.88,1239.4,115.5,65,Yes,6685.8
230,Punakha,Vegetables,1.16,1003.2,383.0,45,Yes,2627.5
231,Trashigang,Rice,6.54,1101.8,103.2,93,No,6251.1
232,Sarpang,Potato,0.92,1111.5,433.5,77,No,2575.1
233,Wangdue,Rice,6.82,1489.2,204.7,16,Yes,7094.6
234,Wangdue,Potato,0.89,1060.1,385.4,63,No,2583.5
235,Paro,Chilli,0.64,1489.2,294.1,10,No,1177.8
236,Trashigang,Maize,5.73,600.0,338.8,53,Yes,4981.9
237,Mongar,Rice,7.98,1487.0,352.4,54,Yes,7800.9
238,Sarpang,Vegetables,7.22,1474.4,242.0,115,Yes,9570.3
239,Punakha,Chilli,4.82,1375.6,258.2,56,Yes,3205.0
240,Trashigang,Rice,7.38,647.0,245.9,22,No,6905.1
241,Trashigang,Vegetables,0.54,1404.7,277.0,31,Yes,2561.6
242,Wangdue,Rice,7.81,1137.5,42.3,30,No,6936.2
243,Paro,Potato,4.18,600.0,196.1,95,Yes,5437.7
244,Paro,Rice,5.92,1474.5,284.6,101,Yes,6622.4
245,Sarpang,Rice,6.66,1511.0,281.0,18,Yes,6828.4
246,Wangdue,Rice,5.89,673.9,363.0,35,Yes,6348.2
247,Trashigang,Chilli,4.51,1193.9,305.1,18,Yes,3675.5
248,Mongar,Rice,4.07,1497.1,446.7,24,No,5286.7
249,Wangdue,Vegetables,6.79,1457.5,149.2,19,Yes,9292.6
250,Sarpang,Potato,2.04,1359.0,180.8,97,No,4121.6
251,Sarpang,Potato,7.76,600.0,191.2,51,Yes,9524.9
252,Wangdue,Rice,5.83,1332.4,225.6,81,Yes,7333.4
253,Sarpang,Chilli,2.0,1095.5,381.1,33,Yes,2096.9
254,Wangdue,Chilli,6.02,1399.0,129.0,89,Yes,4956.0
255,Punakha,Vegetables,4.47,1214.0,355.9,58,Yes,6518.6
256,Wangdue,Rice,5.8,1145.0,200.2,35,Yes,5934.8
257,Wangdue,Potato,6.26,1310.2,282.8,100,Yes,8147.0
258,Sarpang,Chilli,1.15,1107.0,295.7,46,Yes,1804.5
259,Sarpang,Rice,4.3,1143.9,186.6,77,Yes,4921.1
260,Paro,Chilli,7.49,1011.2,245.3,59,Yes,4510.0
261,Paro,Chilli,2.9,748.6,203.5,33,No,2463.1
262,Punakha,Potato,4.95,1292.0,59.0,28,No,5547.4
263,Paro,Maize,3.27,948.5,213.6,109,Yes,3991.6
264,Wangdue,Vegetables,3.91,1099.8,70.9,69,Yes,6112.1
265,Sarpang,Vegetables,4.61,1221.7,200.1,48,No,6018.9
266,Paro,Potato,4.62,628.7,279.0,83,No,6286.2
267,Paro,Chilli,2.01,684.7,273.4,98,Yes,2558.0
268,Punakha,Rice,5.63,1075.1,308.3,27,No,6827.3
269,Trashigang,Chilli,1.16,1263.6,70.0,28,Yes,1169.0
270,Punakha,Potato,1.54,1336.0,303.9,45,Yes,3431.6
271,Wangdue,Vegetables,0.52,752.2,161.1,83,No,656.5
272,Sarpang,Chilli,1.38,1309.2,197.6,106,Yes,1802.0
273,Punakha,Vegetables,4.05,1088.7,390.4,64,No,6129.5
274,Paro,Rice,5.05,929.2,33.8,78,No,5460.1
275,Sarpang,Vegetables,6.46,987.9,277.1,56,Yes,8185.8
276,Sarpang,Vegetables,1.3,1350.5,281.5,58,Yes,3276.4
277,Paro,Maize,6.88,1218.5,196.6,108,Yes,6303.5
278,Punakha,Maize,6.09,1162.6,129.6,117,Yes,4942.1
279,Paro,Maize,3.56,1210.9,128.6,107,No,3560.5
280,Trashigang,Vegetables,7.5,1382.0,401.2,42,Yes,11029.5
281,Sarpang,Potato,7.93,1125.7,215.7,30,Yes,9067.4
282,Mongar,Vegetables,2.04,1163.6,169.0,90,No,3224.1
283,Mongar,Potato,3.34,1434.5,218.5,31,Yes,4337.1
284,Wangdue,Potato,7.45,1067.1,311.1,57,No,8827.0
285,Paro,Maize,5.91,1304.5,91.2,46,Yes,5879.2
286,Paro,Chilli,0.86,1024.1,218.8,24,No,1089.2
287,Wangdue,Rice,6.36,1046.0,276.9,44,Yes,7339.4
288,Wangdue,Maize,6.71,1124.0,428.4,101,Yes,7173.5
289,Wangdue,Maize,6.13,1278.8,136.1,80,Yes,5424.8
290,Sarpang,Chilli,6.5,1448.5,180.9,41,Yes,3995.7
291,Trashigang,Rice,6.69,1174.1,189.3,20,No,6053.3
292,Paro,Vegetables,1.9,775.0,284.3,19,No,2637.6
293,Sarpang,Vegetables,2.27,1307.9,179.8,82,No,3732.3
294,Wangdue,Maize,5.25,1763.5,254.1,87,Yes,5345.1
295,Paro,Rice,7.31,1177.2,358.4,86,Yes,7573.7
296,Sarpang,Maize,2.87,722.8,326.3,66,Yes,2773.2
297,Trashigang,Potato,4.91,1192.4,217.5,34,Yes,6443.3
298,Sarpang,Maize,5.62,1149.2,393.0,11,No,5034.1
299,Trashigang,Maize,3.89,1128.2,264.4,73,Yes,4105.4
300,Wangdue,Vegetables,5.85,1386.4,256.8,44,Yes,8193.5
