Order_ID,Category,Customer_Age,Customer_Region,Product_Price,Quantity,Discount_Percent,Delivery_Days,Payment_Method,Customer_Rating,Order_Value,High_Value_Order
1,Electronics,42,Paro,7998.32,1,13.4,2,Credit Card,4.3,6926.55,No
2,Beauty,48,Sarpang,34437.07,3,39.0,3,Mobile Wallet,4.9,63019.84,No
3,Sports,28,Paro,6496.58,1,34.9,3,Mobile Wallet,3.8,4229.27,No
4,Beauty,37,Trashigang,21325.29,1,13.2,9,Debit Card,3.9,18510.35,No
5,Clothing,53,Sarpang,12435.58,4,23.5,4,Credit Card,3.7,38052.87,No
6,Beauty,34,Trashigang,37443.92,5,33.9,1,QR Payment,3.3,123752.16,Yes
7,Clothing,62,Sarpang,13175.55,4,17.7,1,Debit Card,3.7,43373.91,No
8,Electronics,28,Wangdue,44097.69,1,0.7,7,Mobile Wallet,4.0,43789.01,No
9,Clothing,47,Wangdue,44601.83,3,3.0,7,QR Payment,5.0,129791.33,Yes
10,Clothing,52,Punakha,9902.42,4,20.4,2,Bank Transfer,4.8,31529.31,No
11,Sports,58,Punakha,30730.91,5,38.8,9,Bank Transfer,4.7,94036.58,Yes
12,Beauty,55,Sarpang,4477.11,1,27.7,9,Debit Card,4.7,3236.95,No
13,Sports,39,Paro,19637.7,4,2.8,5,QR Payment,3.7,76351.38,No
14,Home,60,Mongar,35694.75,4,7.6,3,Credit Card,4.1,131927.8,Yes
15,Clothing,44,Mongar,33005.22,4,30.9,3,QR Payment,4.7,91226.43,Yes
16,Home,54,Paro,31272.56,4,33.7,3,Debit Card,3.5,82934.83,Yes
17,Sports,63,Paro,14198.79,3,24.7,6,Credit Card,4.9,32075.07,No
18,Beauty,52,Wangdue,18963.44,5,25.8,4,Credit Card,3.5,70354.36,No
19,Sports,21,Mongar,5237.01,5,1.1,8,Bank Transfer,4.0,25897.01,No
20,Beauty,33,Sarpang,35979.24,1,33.1,5,QR Payment,4.3,24070.11,No
21,Beauty,33,Trashigang,25244.05,2,31.5,1,Credit Card,4.9,34584.35,No
22,Electronics,38,Punakha,35467.41,3,10.4,9,Debit Card,3.1,95336.4,Yes
23,Clothing,43,Trashigang,12522.28,1,28.3,1,Bank Transfer,4.4,8978.47,No
24,Sports,53,Wangdue,16289.47,1,8.6,6,Credit Card,3.8,14888.58,No
25,Beauty,36,Mongar,16777.35,4,1.6,1,QR Payment,3.2,66035.65,No
26,Sports,34,Paro,1384.55,2,8.0,3,Bank Transfer,4.4,2547.57,No
27,Sports,62,Mongar,17118.29,2,7.1,5,QR Payment,3.9,31805.78,No
28,Beauty,43,Sarpang,40184.9,3,13.5,7,QR Payment,4.2,104279.82,Yes
29,Home,39,Wangdue,44875.19,2,16.7,8,QR Payment,3.3,74762.07,No
30,Clothing,45,Paro,25959.09,1,20.3,9,Bank Transfer,3.7,20689.39,No
31,Clothing,18,Trashigang,22829.53,2,19.1,6,Credit Card,4.0,36938.18,No
32,Electronics,61,Sarpang,1638.15,2,10.8,9,Mobile Wallet,3.5,2922.46,No
33,Electronics,53,Trashigang,43972.3,5,1.2,8,Credit Card,3.0,217223.16,Yes
34,Electronics,60,Punakha,749.21,1,24.2,9,Bank Transfer,4.9,567.9,No
35,Clothing,54,Wangdue,47243.03,2,15.8,4,Mobile Wallet,3.8,79557.26,No
36,Home,19,Sarpang,24511.89,2,11.9,9,Mobile Wallet,4.3,43189.95,No
37,Clothing,34,Sarpang,17162.53,4,34.7,7,Mobile Wallet,3.5,44828.53,No
38,Clothing,57,Trashigang,46218.5,2,29.9,5,Debit Card,3.4,64798.34,No
39,Clothing,55,Paro,1317.11,2,34.3,5,Bank Transfer,3.5,1730.68,No
40,Clothing,38,Punakha,29113.1,5,19.8,1,Debit Card,3.5,116743.53,Yes
41,Home,26,Trashigang,27491.73,1,5.2,2,Mobile Wallet,3.9,26062.16,No
42,Electronics,30,Sarpang,11044.09,3,27.8,3,Debit Card,3.9,23921.5,No
43,Sports,28,Wangdue,21501.48,1,8.2,8,Debit Card,3.7,19738.36,No
44,Electronics,33,Sarpang,32647.97,4,17.6,6,Bank Transfer,2.8,107607.71,Yes
45,Electronics,33,Mongar,36383.85,1,2.6,5,QR Payment,3.7,35437.87,No
46,Sports,19,Wangdue,135.77,2,33.0,1,Debit Card,2.9,181.93,No
47,Clothing,59,Wangdue,46848.99,4,5.0,9,Debit Card,2.8,178026.16,Yes
48,Home,61,Sarpang,8309.82,1,36.1,3,Mobile Wallet,4.8,5309.97,No
49,Home,25,Paro,11755.66,4,34.6,3,Mobile Wallet,4.0,30752.81,No
50,Electronics,60,Wangdue,13247.32,3,18.6,2,Mobile Wallet,4.1,32349.96,No
51,Sports,59,Mongar,1987.22,1,29.8,4,Credit Card,3.5,1395.03,No
52,Beauty,30,Trashigang,6240.3,2,24.8,2,Debit Card,4.8,9385.41,No
53,Clothing,34,Paro,49318.86,4,32.1,9,Mobile Wallet,4.1,133950.02,Yes
54,Electronics,56,Paro,15829.32,5,17.3,7,Bank Transfer,4.4,65454.24,No
55,Home,41,Paro,5853.52,4,31.4,8,Credit Card,3.4,16062.06,No
56,Sports,20,Wangdue,5438.86,5,18.5,3,QR Payment,4.9,22163.35,No
57,Sports,47,Paro,36001.05,2,37.6,6,Debit Card,4.6,44929.31,No
58,Electronics,30,Sarpang,42742.98,3,19.5,6,Debit Card,4.6,103224.3,Yes
59,Beauty,36,Paro,12921.92,5,18.5,1,Bank Transfer,2.9,52656.82,No
60,Home,24,Mongar,1143.38,3,31.4,6,QR Payment,3.2,2353.08,No
61,Electronics,26,Punakha,11232.19,4,32.9,3,QR Payment,3.2,30147.2,No
62,Beauty,36,Mongar,2920.13,2,22.2,3,Credit Card,3.2,4543.72,No
63,Sports,62,Wangdue,5259.41,5,7.2,3,Debit Card,4.6,24403.66,No
64,Clothing,57,Paro,21632.26,4,18.7,8,Mobile Wallet,2.6,70348.11,No
65,Home,39,Paro,11572.93,1,38.7,5,Bank Transfer,2.7,7094.21,No
66,Home,35,Sarpang,25845.7,4,30.1,4,Bank Transfer,3.2,72264.58,No
67,Beauty,40,Trashigang,12749.34,3,32.4,9,Bank Transfer,3.0,25855.66,No
68,Electronics,19,Paro,47032.81,2,1.3,9,Bank Transfer,3.1,92842.77,Yes
69,Sports,28,Mongar,45306.6,2,18.7,1,Mobile Wallet,4.5,73668.53,No
70,Beauty,48,Wangdue,28383.62,4,25.9,2,Mobile Wallet,3.9,84129.05,Yes
71,Clothing,50,Punakha,17785.76,1,33.2,8,Credit Card,2.5,11880.89,No
72,Clothing,31,Paro,19119.23,3,2.0,5,Debit Card,3.6,56210.54,No
73,Clothing,33,Punakha,20651.43,4,34.1,7,Mobile Wallet,3.5,54437.17,No
74,Beauty,28,Paro,36406.21,4,21.9,1,Credit Card,2.8,113733.0,Yes
75,Sports,50,Wangdue,22636.79,2,7.9,5,QR Payment,4.2,41696.97,No
76,Home,24,Trashigang,42850.82,3,12.7,3,Debit Card,4.3,112226.3,Yes
77,Electronics,48,Mongar,47210.33,1,11.3,2,Mobile Wallet,4.3,41875.56,No
78,Home,63,Wangdue,16863.71,2,21.2,2,QR Payment,4.3,26577.21,No
79,Sports,64,Punakha,28078.65,4,2.1,9,Credit Card,2.5,109955.99,Yes
80,Home,31,Paro,4843.32,2,6.3,4,Mobile Wallet,4.9,9076.38,No
81,Beauty,45,Punakha,10103.41,2,32.5,4,Mobile Wallet,4.5,13639.6,No
82,Clothing,60,Mongar,20731.94,5,5.3,7,QR Payment,4.8,98165.74,Yes
83,Sports,33,Wangdue,10389.52,2,9.3,2,Mobile Wallet,2.5,18846.59,No
84,Sports,36,Punakha,43840.37,2,18.1,3,Bank Transfer,4.8,71810.53,No
85,Home,34,Punakha,7998.48,3,20.7,3,Mobile Wallet,4.5,19028.38,No
86,Beauty,43,Mongar,22837.47,2,30.5,6,Debit Card,4.6,31744.08,No
87,Home,23,Paro,30324.39,1,17.9,3,QR Payment,2.7,24896.32,No
88,Home,60,Punakha,34624.01,4,31.6,5,Debit Card,4.3,94731.29,Yes
89,Sports,26,Mongar,19215.16,3,24.7,4,Credit Card,4.9,43407.05,No
90,Home,34,Paro,43468.04,2,4.5,3,Debit Card,4.2,83023.96,Yes
91,Clothing,48,Trashigang,28459.13,1,6.3,8,Bank Transfer,3.9,26666.2,No
92,Home,29,Paro,22031.44,4,17.5,3,Bank Transfer,4.9,72703.75,No
93,Clothing,40,Trashigang,3455.31,3,15.9,6,Debit Card,3.6,8717.75,No
94,Sports,22,Wangdue,23288.0,1,29.7,7,Credit Card,4.0,16371.46,No
95,Beauty,60,Mongar,41054.72,2,23.2,7,Mobile Wallet,3.7,63060.05,No
96,Clothing,53,Paro,30765.6,5,15.5,2,Bank Transfer,4.8,129984.66,Yes
97,Beauty,53,Trashigang,41624.91,5,6.8,3,Debit Card,2.7,193972.08,Yes
98,Beauty,20,Trashigang,24751.18,3,9.1,4,Debit Card,3.8,67496.47,No
99,Clothing,41,Wangdue,6011.24,1,23.0,7,Debit Card,4.2,4628.65,No
100,Sports,34,Sarpang,780.63,4,16.9,2,Mobile Wallet,4.5,2594.81,No
101,Electronics,56,Mongar,15230.66,1,20.6,3,QR Payment,4.0,12093.14,No
102,Beauty,43,Sarpang,34929.72,5,6.8,7,Credit Card,4.8,162772.5,Yes
103,Beauty,21,Paro,39533.97,3,26.5,7,QR Payment,4.9,87172.4,Yes
104,Sports,62,Mongar,14858.07,2,34.1,3,Credit Card,2.7,19582.94,No
105,Sports,29,Wangdue,24833.13,1,10.3,1,Credit Card,3.5,22275.32,No
106,Home,18,Paro,21113.83,5,19.7,3,Debit Card,2.6,84772.03,Yes
107,Sports,38,Mongar,20585.09,4,39.0,5,Bank Transfer,3.3,50227.62,No
108,Beauty,36,Mongar,11644.3,3,13.3,7,Debit Card,3.8,30286.82,No
109,Clothing,38,Sarpang,6904.92,2,23.8,4,Mobile Wallet,4.8,10523.1,No
110,Electronics,35,Paro,9914.76,1,3.6,1,Credit Card,4.6,9557.83,No
111,Home,60,Wangdue,2861.09,4,24.2,6,Bank Transfer,2.8,8674.82,No
112,Clothing,20,Wangdue,9986.72,2,3.6,2,Credit Card,2.7,19254.4,No
113,Electronics,61,Paro,559.12,5,38.4,3,Credit Card,4.0,1722.09,No
114,Electronics,49,Paro,31400.19,5,28.6,4,Debit Card,3.8,112098.68,Yes
115,Electronics,27,Trashigang,15887.13,4,31.5,6,Bank Transfer,3.2,43530.74,No
116,Clothing,57,Punakha,48659.92,5,28.2,6,Bank Transfer,4.7,174689.11,Yes
117,Home,32,Sarpang,9766.48,3,23.6,7,Credit Card,4.8,22384.77,No
118,Home,22,Paro,17356.85,4,18.0,5,Bank Transfer,3.5,56930.47,No
119,Electronics,21,Paro,17956.27,5,34.3,7,Bank Transfer,4.7,58986.35,No
120,Clothing,45,Punakha,521.73,1,38.3,2,Debit Card,3.5,321.91,No
121,Electronics,21,Punakha,41976.48,5,20.0,1,QR Payment,4.3,167905.92,Yes
122,Sports,32,Mongar,1696.52,3,37.3,8,Mobile Wallet,3.7,3191.15,No
123,Home,34,Wangdue,47014.97,2,23.3,1,QR Payment,2.8,72120.96,No
124,Beauty,61,Sarpang,44614.51,2,21.5,2,Bank Transfer,4.8,70044.78,No
125,Electronics,20,Mongar,26822.54,5,18.2,6,Credit Card,3.6,109704.19,Yes
126,Sports,27,Paro,27225.42,2,8.4,1,Mobile Wallet,4.3,49876.97,No
127,Home,64,Punakha,32723.52,5,0.1,3,Mobile Wallet,3.4,163453.98,Yes
128,Clothing,59,Trashigang,19413.8,3,9.7,7,Credit Card,2.5,52591.98,No
129,Home,40,Wangdue,32396.39,2,20.4,8,Mobile Wallet,2.8,51575.05,No
130,Clothing,35,Mongar,2333.94,1,15.2,4,Credit Card,3.7,1979.18,No
131,Clothing,18,Trashigang,2796.98,5,17.9,3,Mobile Wallet,4.2,11481.6,No
132,Electronics,52,Wangdue,22915.8,2,39.2,1,QR Payment,3.3,27865.61,No
133,Electronics,48,Trashigang,27526.15,3,14.0,9,Mobile Wallet,4.2,71017.47,No
134,Home,61,Punakha,44402.1,3,18.1,6,Debit Card,4.2,109095.96,Yes
135,Sports,18,Mongar,5322.57,1,5.3,6,Credit Card,4.3,5040.47,No
136,Home,20,Mongar,41150.13,3,1.9,9,Mobile Wallet,3.7,121104.83,Yes
137,Beauty,20,Wangdue,10581.36,3,31.0,1,Credit Card,4.8,21903.42,No
138,Clothing,54,Trashigang,19764.77,2,22.8,6,Debit Card,3.7,30516.8,No
139,Clothing,36,Punakha,15898.46,5,30.4,5,Mobile Wallet,3.6,55326.64,No
140,Electronics,46,Paro,20067.75,4,6.0,6,Mobile Wallet,3.0,75454.74,No
141,Sports,42,Mongar,7609.73,3,22.9,8,Debit Card,3.3,17601.31,No
142,Electronics,50,Paro,25228.15,3,10.1,5,Debit Card,2.6,68040.32,No
143,Beauty,53,Punakha,40101.97,4,9.1,2,Debit Card,4.1,145810.76,Yes
144,Home,46,Mongar,22132.55,3,0.5,2,Credit Card,3.1,66065.66,No
145,Home,43,Mongar,24581.62,2,5.2,5,Debit Card,3.3,46606.75,No
146,Sports,21,Trashigang,42453.5,2,12.4,3,Credit Card,4.4,74378.53,No
147,Electronics,31,Paro,35332.3,4,4.7,3,QR Payment,3.3,134686.73,Yes
148,Electronics,44,Trashigang,24573.67,3,39.4,8,Mobile Wallet,3.1,44674.93,No
149,Beauty,50,Sarpang,12959.01,3,12.3,7,Mobile Wallet,2.9,34095.16,No
150,Home,39,Paro,44257.84,5,5.2,1,Bank Transfer,4.4,209782.16,Yes
151,Electronics,20,Paro,28893.32,3,8.0,5,QR Payment,2.8,79745.56,No
152,Sports,40,Sarpang,11135.27,2,23.5,9,Debit Card,3.6,17036.96,No
153,Home,38,Punakha,13529.08,1,2.6,4,Debit Card,3.8,13177.32,No
154,Beauty,58,Punakha,40176.34,1,34.5,1,QR Payment,4.2,26315.5,No
155,Sports,40,Mongar,2302.86,1,38.5,8,Debit Card,4.1,1416.26,No
156,Clothing,21,Wangdue,49605.4,1,9.9,5,Bank Transfer,4.5,44694.47,No
157,Beauty,38,Trashigang,6604.55,3,18.0,2,Credit Card,2.6,16247.19,No
158,Sports,54,Wangdue,39823.82,3,0.9,1,Mobile Wallet,3.2,118396.22,Yes
159,Electronics,60,Mongar,19799.29,5,25.6,3,QR Payment,3.2,73653.36,No
160,Clothing,48,Wangdue,24661.59,3,16.6,9,Mobile Wallet,2.9,61703.3,No
161,Beauty,38,Paro,44044.46,1,10.8,1,Credit Card,3.2,39287.66,No
162,Electronics,43,Paro,20704.27,4,8.3,4,QR Payment,3.3,75943.26,No
163,Clothing,58,Sarpang,26920.94,4,26.2,8,Credit Card,3.8,79470.61,No
164,Home,52,Sarpang,2560.05,2,16.6,8,Debit Card,4.2,4270.16,No
165,Electronics,55,Mongar,217.14,2,7.2,8,Debit Card,3.5,403.01,No
166,Sports,41,Mongar,12315.51,3,27.6,8,Debit Card,4.3,26749.29,No
167,Beauty,28,Mongar,34061.1,4,22.6,4,Credit Card,3.3,105453.17,Yes
168,Clothing,58,Paro,6151.12,1,34.3,8,Credit Card,3.2,4041.29,No
169,Electronics,46,Wangdue,5776.72,1,4.7,9,Credit Card,3.9,5505.21,No
170,Home,64,Trashigang,20606.93,1,31.4,7,Mobile Wallet,2.6,14136.35,No
171,Beauty,20,Mongar,32427.07,3,26.9,2,Credit Card,2.7,71112.56,No
172,Beauty,18,Mongar,35632.39,3,4.6,9,Debit Card,3.5,101979.9,Yes
173,Electronics,36,Paro,9004.69,5,27.8,8,Bank Transfer,4.9,32506.93,No
174,Home,63,Trashigang,4071.45,1,17.7,5,Credit Card,4.3,3350.8,No
175,Clothing,39,Paro,47025.81,1,37.8,3,Bank Transfer,2.7,29250.05,No
176,Electronics,31,Trashigang,13107.25,3,5.7,7,Debit Card,4.6,37080.41,No
177,Clothing,31,Paro,42681.99,3,25.7,2,Credit Card,4.3,95138.16,Yes
178,Beauty,61,Wangdue,43188.22,5,15.3,3,Mobile Wallet,4.0,182902.11,Yes
179,Clothing,33,Mongar,38648.88,5,38.3,9,Mobile Wallet,4.6,119231.79,Yes
180,Home,50,Punakha,8524.8,2,13.2,4,Bank Transfer,3.5,14799.05,No
181,Sports,30,Punakha,41107.89,4,38.5,4,Mobile Wallet,3.1,101125.41,Yes
182,Home,55,Mongar,38485.6,1,36.1,3,Mobile Wallet,3.8,24592.3,No
183,Clothing,29,Mongar,29876.48,1,10.8,5,Mobile Wallet,3.9,26649.82,No
184,Electronics,55,Mongar,16926.38,5,32.1,3,Debit Card,3.8,57465.06,No
185,Beauty,56,Mongar,13199.18,5,39.8,9,Mobile Wallet,3.9,39729.53,No
186,Sports,50,Trashigang,6182.27,2,10.1,3,QR Payment,4.9,11115.72,No
187,Electronics,50,Wangdue,25536.88,4,17.5,2,Credit Card,4.8,84271.7,Yes
188,Electronics,46,Punakha,29304.52,2,20.8,5,Mobile Wallet,4.7,46418.36,No
189,Home,22,Sarpang,18031.02,4,11.8,6,Mobile Wallet,4.5,63613.44,No
190,Clothing,23,Punakha,23820.42,1,0.6,1,Mobile Wallet,4.9,23677.5,No
191,Home,48,Punakha,18239.37,2,8.8,6,QR Payment,2.7,33268.61,No
192,Clothing,33,Paro,32086.2,5,11.3,3,Mobile Wallet,3.2,142302.3,Yes
193,Home,48,Mongar,45072.83,2,17.7,4,Mobile Wallet,3.7,74189.88,No
194,Electronics,42,Mongar,8279.62,2,6.8,6,Credit Card,4.6,15433.21,No
195,Beauty,63,Mongar,19132.3,1,34.9,8,QR Payment,3.8,12455.13,No
196,Clothing,50,Paro,7129.34,5,28.2,9,QR Payment,4.4,25594.33,No
197,Sports,30,Wangdue,31284.69,5,3.4,6,Mobile Wallet,2.8,151105.05,Yes
198,Sports,27,Wangdue,36470.64,3,26.0,7,QR Payment,3.1,80964.82,Yes
199,Electronics,41,Sarpang,46602.45,3,26.1,5,Bank Transfer,4.3,103317.63,Yes
200,Home,27,Wangdue,14015.71,3,38.2,9,QR Payment,2.9,25985.13,No
201,Home,58,Wangdue,47515.54,1,0.1,4,QR Payment,3.4,47468.02,No
202,Electronics,48,Mongar,3256.81,2,9.9,6,QR Payment,3.2,5868.77,No
203,Sports,30,Trashigang,30190.39,5,37.1,5,Debit Card,3.4,94948.78,Yes
204,Sports,20,Punakha,2950.92,5,37.3,1,Debit Card,4.3,9251.13,No
205,Home,51,Wangdue,44699.33,2,28.8,5,Debit Card,3.4,63651.85,No
206,Clothing,45,Wangdue,26537.47,5,30.6,5,QR Payment,3.9,92085.02,Yes
207,Beauty,36,Paro,33500.48,2,3.7,9,Bank Transfer,2.7,64521.92,No
208,Clothing,40,Sarpang,41595.54,1,20.6,1,QR Payment,4.5,33026.86,No
209,Sports,62,Trashigang,7600.5,1,9.3,5,Mobile Wallet,3.4,6893.65,No
210,Clothing,49,Paro,2025.72,1,7.2,7,Bank Transfer,4.1,1879.87,No
211,Beauty,30,Mongar,43956.17,2,32.4,6,Debit Card,4.3,59428.74,No
212,Clothing,50,Punakha,15815.17,2,5.4,6,Credit Card,3.0,29922.3,No
213,Clothing,51,Sarpang,6536.05,4,18.7,7,Bank Transfer,4.7,21255.23,No
214,Clothing,50,Paro,23476.22,5,37.5,6,Debit Card,4.0,73363.19,No
215,Clothing,22,Wangdue,29955.47,5,7.4,5,Bank Transfer,3.6,138693.83,Yes
216,Electronics,20,Wangdue,1645.43,4,39.1,5,Bank Transfer,3.0,4008.27,No
217,Sports,24,Sarpang,13817.29,4,39.8,9,QR Payment,4.9,33272.03,No
218,Beauty,41,Wangdue,1736.71,1,22.2,8,Mobile Wallet,4.4,1351.16,No
219,Sports,39,Paro,21074.74,4,6.8,4,Credit Card,3.0,78566.63,No
220,Electronics,62,Paro,44765.49,2,12.6,4,Debit Card,3.3,78250.08,No
221,Electronics,40,Wangdue,49134.36,3,17.0,5,Bank Transfer,4.5,122344.56,Yes
222,Electronics,47,Wangdue,31888.67,2,12.4,3,Credit Card,4.2,55868.95,No
223,Electronics,35,Mongar,8165.72,4,11.2,8,Bank Transfer,4.4,29004.64,No
224,Clothing,49,Punakha,45301.88,5,38.9,7,Mobile Wallet,3.6,138397.24,Yes
225,Sports,24,Sarpang,25860.77,2,6.1,5,Credit Card,4.3,48566.53,No
226,Home,50,Paro,7772.09,5,29.3,3,Debit Card,3.5,27474.34,No
227,Beauty,22,Sarpang,46094.16,2,0.0,5,Bank Transfer,3.0,92188.32,Yes
228,Electronics,45,Mongar,37897.71,5,23.8,3,Mobile Wallet,4.1,144390.28,Yes
229,Sports,25,Paro,36612.09,2,36.6,5,Credit Card,4.9,46424.13,No
230,Electronics,32,Mongar,35488.12,5,11.5,1,Bank Transfer,3.3,157034.93,Yes
231,Electronics,21,Mongar,10096.96,3,7.4,6,Bank Transfer,3.7,28049.35,No
232,Electronics,51,Trashigang,10629.23,1,26.1,4,Debit Card,4.2,7855.0,No
233,Electronics,22,Wangdue,34445.82,2,28.5,4,Mobile Wallet,3.9,49257.52,No
234,Electronics,50,Trashigang,11064.17,3,27.5,8,QR Payment,4.6,24064.57,No
235,Beauty,22,Sarpang,21989.72,1,12.8,2,Bank Transfer,4.4,19175.04,No
236,Sports,55,Sarpang,39121.89,2,10.1,4,Credit Card,2.6,70341.16,No
237,Electronics,51,Wangdue,39219.23,3,38.2,2,Debit Card,5.0,72712.45,No
238,Electronics,43,Trashigang,22717.76,3,36.9,1,Debit Card,4.4,43004.72,No
239,Electronics,18,Sarpang,39630.28,3,18.3,3,Bank Transfer,4.7,97133.82,Yes
240,Electronics,21,Trashigang,41947.23,4,33.8,8,Bank Transfer,4.1,111076.27,Yes
241,Clothing,56,Wangdue,32773.31,5,18.1,6,Bank Transfer,4.6,134206.7,Yes
242,Clothing,43,Paro,11498.45,1,17.0,7,QR Payment,2.8,9543.71,No
243,Home,50,Mongar,13773.19,5,6.3,2,Bank Transfer,3.4,64527.4,No
244,Electronics,50,Mongar,15810.57,5,17.1,6,Mobile Wallet,4.7,65534.81,No
245,Home,25,Trashigang,5928.52,5,21.5,8,Credit Card,3.0,23269.44,No
246,Beauty,37,Sarpang,13730.67,3,0.9,8,Bank Transfer,2.7,40821.28,No
247,Home,33,Trashigang,10555.01,5,17.8,4,QR Payment,4.5,43381.09,No
248,Sports,38,Trashigang,22820.9,4,31.3,6,Credit Card,4.6,62711.83,No
249,Clothing,62,Punakha,45431.03,2,27.2,5,Debit Card,2.9,66147.58,No
250,Clothing,43,Mongar,5313.57,3,25.4,9,Bank Transfer,4.6,11891.77,No
251,Electronics,40,Wangdue,36041.37,1,36.4,8,Credit Card,4.2,22922.31,No
252,Electronics,35,Trashigang,34395.42,2,0.7,2,Debit Card,3.8,68309.3,No
253,Beauty,48,Punakha,4878.13,2,22.3,7,QR Payment,4.6,7580.61,No
254,Beauty,59,Punakha,46136.36,2,31.5,7,Mobile Wallet,3.5,63206.81,No
255,Sports,29,Mongar,28466.76,5,21.7,1,Bank Transfer,3.0,111447.37,Yes
256,Electronics,18,Mongar,18249.9,5,13.0,1,Mobile Wallet,3.2,79387.06,No
257,Electronics,59,Mongar,37851.28,3,5.5,4,QR Payment,3.8,107308.38,Yes
258,Beauty,26,Wangdue,12942.54,5,35.5,5,Credit Card,3.8,41739.69,No
259,Beauty,20,Punakha,34706.14,5,18.8,4,Credit Card,4.5,140906.93,Yes
260,Beauty,43,Sarpang,2081.59,5,35.1,7,QR Payment,4.5,6754.76,No
261,Clothing,26,Wangdue,41986.46,3,23.4,3,QR Payment,4.0,96484.89,Yes
262,Home,59,Paro,22463.73,3,27.0,7,Bank Transfer,4.5,49195.57,No
263,Home,33,Trashigang,31870.98,4,32.2,8,Debit Card,3.0,86434.1,Yes
264,Electronics,41,Mongar,11139.77,4,26.4,6,Mobile Wallet,2.6,32795.48,No
265,Clothing,31,Punakha,33885.98,4,15.9,6,Mobile Wallet,4.7,113992.44,Yes
266,Beauty,20,Trashigang,38634.79,4,20.5,8,Credit Card,2.7,122858.63,Yes
267,Electronics,51,Wangdue,23713.34,2,32.1,8,Credit Card,3.1,32202.72,No
268,Clothing,50,Paro,30924.57,2,14.9,7,Bank Transfer,4.2,52633.62,No
269,Sports,41,Wangdue,22870.66,4,15.5,6,QR Payment,3.5,77302.83,No
270,Clothing,26,Wangdue,44715.16,4,3.8,6,Mobile Wallet,4.7,172063.94,Yes
271,Electronics,30,Sarpang,24943.67,1,36.6,6,Bank Transfer,3.2,15814.29,No
272,Home,19,Trashigang,42106.25,2,3.6,8,Credit Card,2.5,81180.85,Yes
273,Beauty,24,Sarpang,40087.47,1,25.9,1,Credit Card,3.3,29704.82,No
274,Sports,38,Wangdue,20584.19,1,16.5,5,Mobile Wallet,3.9,17187.8,No
275,Clothing,36,Paro,11581.22,5,16.2,3,Credit Card,3.4,48525.31,No
276,Electronics,42,Punakha,20363.5,3,27.2,8,Credit Card,3.8,44473.88,No
277,Electronics,64,Punakha,41328.25,2,2.7,6,Debit Card,4.7,80424.77,Yes
278,Beauty,39,Trashigang,11458.86,4,23.7,2,QR Payment,4.8,34972.44,No
279,Electronics,28,Mongar,26269.37,4,30.9,7,Credit Card,3.2,72608.54,No
280,Electronics,50,Mongar,40324.23,3,33.1,7,Debit Card,3.7,80930.73,Yes
281,Beauty,49,Punakha,17738.53,2,6.8,5,Bank Transfer,3.9,33064.62,No
282,Sports,38,Wangdue,32146.26,4,35.9,8,Credit Card,4.9,82423.01,Yes
283,Home,56,Wangdue,12357.02,4,26.2,5,Bank Transfer,5.0,36477.92,No
284,Home,37,Sarpang,5553.04,5,35.3,1,Credit Card,3.1,17964.08,No
285,Clothing,25,Trashigang,39739.77,1,19.4,9,Mobile Wallet,4.3,32030.25,No
286,Sports,59,Sarpang,5038.53,4,21.7,4,Debit Card,3.4,15780.68,No
287,Clothing,54,Mongar,13641.93,2,36.8,2,Debit Card,2.5,17243.4,No
288,Home,26,Punakha,42769.96,3,36.0,4,Mobile Wallet,2.5,82118.32,Yes
289,Beauty,42,Wangdue,17388.82,5,17.9,9,QR Payment,3.7,71381.11,No
290,Electronics,42,Punakha,48654.96,2,11.0,2,Debit Card,3.7,86605.83,Yes
291,Home,50,Paro,48988.74,5,15.7,4,Bank Transfer,2.6,206487.54,Yes
292,Sports,19,Punakha,13486.97,1,15.5,2,Debit Card,4.2,11396.49,No
293,Home,36,Paro,2144.81,4,11.5,5,QR Payment,3.2,7592.63,No
294,Sports,63,Sarpang,35282.66,2,10.7,3,Bank Transfer,3.9,63014.83,No
295,Sports,37,Sarpang,22604.23,3,34.4,2,Bank Transfer,3.3,44485.12,No
296,Sports,59,Mongar,5127.57,1,2.8,9,Mobile Wallet,2.9,4984.0,No
297,Clothing,58,Punakha,35405.39,1,27.1,5,Credit Card,3.5,25810.53,No
298,Beauty,59,Punakha,1655.63,5,6.9,5,Mobile Wallet,3.1,7706.96,No
299,Home,46,Paro,43522.81,1,13.8,1,Credit Card,3.8,37516.66,No
300,Beauty,23,Sarpang,7018.76,2,2.5,6,Mobile Wallet,3.0,13686.58,No
